Second,Classification
20,Indoor
21,Outdoor
22,Outdoor
23,Outdoor
24,Outdoor
25,Outdoor
26,Outdoor
27,Outdoor
28,Outdoor
29,Outdoor
30,Outdoor
31,Outdoor
32,Outdoor
33,Outdoor
34,Outdoor
35,Outdoor
36,Outdoor
37,Outdoor
38,Outdoor
39,Outdoor
40,Outdoor
41,Outdoor
42,Outdoor
47,Outdoor
48,Outdoor
117,Outdoor
118,Outdoor
119,Outdoor
120,Outdoor
121,Outdoor
132,Outdoor
187,Outdoor
188,Outdoor
189,Outdoor
190,Outdoor
191,Outdoor
192,Outdoor
193,Outdoor
194,Outdoor
195,Outdoor
285,Outdoor
286,Outdoor
287,Outdoor
288,Outdoor
289,Outdoor
290,Outdoor
291,Outdoor
292,Outdoor
293,Outdoor
294,Outdoor
295,Indoor
296,Indoor
297,Indoor
298,Indoor
299,Outdoor
300,Outdoor
301,Outdoor
308,Outdoor
309,Outdoor
313,Outdoor
340,Outdoor
341,Outdoor
342,Outdoor
343,Outdoor
351,Outdoor
352,Outdoor
353,Outdoor
354,Outdoor
355,Outdoor
356,Outdoor
362,Outdoor
364,Outdoor
370,Outdoor
371,Outdoor
380,Outdoor
381,Indoor
389,Outdoor
390,Outdoor
394,Outdoor
395,Outdoor
401,Outdoor
402,Outdoor
403,Outdoor
404,Outdoor
405,Outdoor
420,Indoor
421,Outdoor
422,Outdoor
458,Indoor
459,Indoor
460,Indoor
463,Outdoor
464,Outdoor
465,Outdoor
466,Outdoor
467,Outdoor
468,Outdoor
469,Outdoor
481,Outdoor
482,Outdoor
483,Outdoor
484,Outdoor
485,Outdoor
486,Outdoor
734,Indoor
735,Outdoor
736,Outdoor
737,Outdoor
738,Outdoor
739,Outdoor
740,Outdoor
741,Outdoor
742,Outdoor
743,Outdoor
744,Outdoor
745,Outdoor
746,Outdoor
747,Outdoor
748,Outdoor
749,Outdoor
819,Outdoor
820,Outdoor
821,Outdoor
822,Outdoor
823,Outdoor
824,Outdoor
825,Outdoor
826,Outdoor
827,Outdoor
828,Outdoor
829,Outdoor
830,Outdoor
831,Outdoor
832,Outdoor
833,Outdoor
834,Outdoor
835,Outdoor
871,Outdoor
872,Outdoor
877,Outdoor
878,Outdoor
879,Outdoor
892,Outdoor
941,Outdoor
942,Outdoor
1008,Outdoor
1009,Outdoor
1010,Outdoor
1011,Outdoor
1012,Outdoor
1013,Outdoor
1014,Outdoor
1019,Outdoor
1020,Outdoor
1021,Outdoor
1022,Outdoor
1023,Outdoor
1024,Outdoor
1037,Outdoor
1188,Outdoor
1189,Outdoor
1190,Outdoor
1230,Outdoor
1737,Outdoor
1738,Outdoor
1739,Outdoor
1740,Outdoor
1741,Outdoor
1742,Outdoor
1743,Outdoor
1744,Outdoor
1745,Outdoor
1746,Outdoor
1747,Outdoor
1748,Outdoor
1749,Outdoor
1750,Outdoor
1751,Outdoor
1752,Outdoor
1753,Outdoor
1789,Outdoor
1790,Outdoor
1795,Outdoor
1796,Outdoor
1797,Outdoor
1810,Outdoor
1872,Indoor
1873,Indoor
1874,Indoor
1875,Indoor
1876,Indoor
1877,Indoor
1878,Indoor
1879,Indoor
1880,Indoor
1881,Indoor
1882,Indoor
1883,Indoor
1884,Indoor
1885,Indoor
1886,Indoor
1887,Indoor
1888,Indoor
1889,Indoor
1890,Indoor
1891,Indoor
1903,Indoor
1923,Outdoor
1924,Outdoor
1931,Indoor
1932,Indoor
1933,Outdoor
1934,Outdoor
1935,Outdoor
1936,Outdoor
1937,Outdoor
1938,Outdoor
1941,Outdoor
1942,Outdoor
1943,Outdoor
1944,Indoor
1945,Outdoor
1955,Outdoor
1972,Outdoor
1985,Outdoor
1989,Indoor
1993,Outdoor
1995,Indoor
1996,Outdoor
1997,Outdoor
1998,Outdoor
1999,Outdoor
2000,Outdoor
2001,Outdoor
2002,Outdoor
2003,Outdoor
2004,Outdoor
2005,Outdoor
2006,Outdoor
2007,Outdoor
2008,Outdoor
2009,Outdoor
2010,Indoor
2011,Outdoor
2012,Outdoor
2013,Outdoor
2014,Outdoor
2015,Outdoor
2016,Outdoor
2017,Outdoor
2018,Outdoor
2019,Outdoor
2020,Outdoor
2021,Outdoor
2022,Outdoor
2023,Outdoor
2024,Outdoor
2025,Outdoor
2026,Outdoor
2027,Outdoor
2028,Outdoor
2029,Outdoor
2030,Outdoor
2031,Outdoor
2032,Outdoor
2033,Outdoor
2034,Outdoor
2035,Outdoor
2036,Outdoor
2037,Outdoor
2038,Outdoor
2060,Indoor
2061,Outdoor
2062,Outdoor
2088,Indoor
2276,Outdoor
2277,Outdoor
2278,Outdoor
2279,Outdoor
2280,Outdoor
2281,Outdoor
2282,Outdoor
2283,Outdoor
2284,Outdoor
2285,Outdoor
2286,Outdoor
2287,Outdoor
2288,Outdoor
2289,Outdoor
2298,Outdoor
2299,Outdoor
2300,Outdoor
2310,Outdoor
2311,Outdoor
2312,Outdoor
2321,Outdoor
2322,Outdoor
2323,Outdoor
2340,Indoor
2341,Outdoor
2342,Outdoor
2343,Indoor
2344,Outdoor
2345,Indoor
2355,Outdoor
2360,Indoor
2361,Indoor
2364,Outdoor
2365,Outdoor
2366,Outdoor
2367,Outdoor
2376,Outdoor
2377,Outdoor
2378,Outdoor
2379,Outdoor
2380,Outdoor
2401,Indoor
2402,Indoor
2409,Outdoor
2417,Outdoor
2418,Outdoor
2419,Outdoor
2423,Outdoor
2424,Outdoor
2425,Outdoor
2426,Outdoor
2431,Outdoor
2432,Outdoor
2433,Outdoor
2489,Outdoor
2490,Outdoor
2491,Outdoor
2492,Outdoor
2493,Outdoor
2494,Outdoor
2495,Outdoor
2496,Outdoor
2497,Outdoor
2498,Outdoor
2499,Outdoor
2500,Outdoor
2501,Outdoor
2502,Outdoor
2503,Outdoor
2504,Outdoor
2505,Outdoor
2506,Outdoor
2510,Outdoor
2511,Outdoor
2512,Outdoor
2517,Outdoor
2518,Outdoor
2519,Outdoor
2522,Outdoor
2523,Indoor
2524,Outdoor
2525,Outdoor
2526,Outdoor
2527,Outdoor
2528,Outdoor
2529,Outdoor
2530,Outdoor
2531,Outdoor
2532,Outdoor
2533,Outdoor
2534,Outdoor
2535,Outdoor
2536,Outdoor
2537,Outdoor
2538,Outdoor
2539,Outdoor
2540,Outdoor
2541,Outdoor
2542,Outdoor
2543,Outdoor
2544,Outdoor
2550,Outdoor
2551,Outdoor
2552,Outdoor
2553,Outdoor
2554,Outdoor
2555,Outdoor
2556,Outdoor
2557,Outdoor
2558,Outdoor
2559,Outdoor
2560,Outdoor
2561,Outdoor
2562,Outdoor
2563,Outdoor
2564,Outdoor
2565,Outdoor
2566,Outdoor
2567,Outdoor
2568,Outdoor
2569,Outdoor
2570,Outdoor
2571,Outdoor
2572,Outdoor
2573,Outdoor
2574,Outdoor
2579,Outdoor
2580,Outdoor
2581,Outdoor
2582,Outdoor
2583,Outdoor
2584,Outdoor
2585,Outdoor
2586,Outdoor
2587,Outdoor
2588,Outdoor
2589,Outdoor
2590,Outdoor
2591,Outdoor
2592,Indoor
2593,Outdoor
2594,Indoor
2595,Indoor
2596,Indoor
2597,Outdoor
2598,Outdoor
2599,Outdoor
2600,Outdoor
2606,Outdoor
2607,Outdoor
2608,Outdoor
2609,Outdoor
2610,Outdoor
2611,Indoor
2612,Indoor
2613,Indoor
2614,Outdoor
2615,Outdoor
2616,Outdoor
2617,Outdoor
2618,Outdoor
2619,Outdoor
2620,Outdoor
2621,Outdoor
2622,Outdoor
2623,Outdoor
2624,Outdoor
2625,Outdoor
2626,Outdoor
2627,Outdoor
2628,Outdoor
2629,Outdoor
2630,Outdoor
2652,Outdoor
2653,Outdoor
2654,Outdoor
2655,Outdoor
2656,Outdoor
2657,Outdoor
2658,Outdoor
2659,Outdoor
2660,Outdoor
2661,Outdoor
2662,Outdoor
2663,Outdoor
2664,Outdoor
2665,Outdoor
2666,Outdoor
2667,Outdoor
2668,Outdoor
2704,Outdoor
2705,Outdoor
2710,Indoor
2711,Outdoor
2712,Outdoor
2725,Outdoor
2774,Indoor
2775,Outdoor
2776,Outdoor
2777,Outdoor
2778,Outdoor
2779,Outdoor
2780,Outdoor
2781,Indoor
2782,Indoor
2793,Indoor
2818,Indoor
2819,Indoor
2820,Indoor
2821,Indoor
2822,Indoor
2823,Indoor
2824,Indoor
2825,Indoor
2826,Indoor
2827,Indoor
2828,Indoor
2841,Outdoor
2842,Outdoor
2843,Outdoor
2844,Outdoor
2908,Indoor
2917,Indoor
2928,Indoor
2929,Indoor
2930,Indoor
2939,Indoor
2940,Indoor
2941,Indoor
2942,Indoor
2943,Indoor
2944,Indoor
2945,Indoor
2946,Indoor
2947,Indoor
2950,Indoor
2951,Indoor
2952,Indoor
2953,Indoor
2957,Indoor
2958,Indoor
2972,Indoor
2973,Indoor
3141,Outdoor
3142,Outdoor
3143,Outdoor
3144,Outdoor
3145,Outdoor
3152,Outdoor
3153,Outdoor
3276,Indoor
3277,Outdoor
3278,Outdoor
3279,Outdoor
3280,Outdoor
3281,Outdoor
3294,Outdoor
3295,Outdoor
3296,Outdoor
3297,Outdoor
3298,Outdoor
3299,Outdoor
3300,Outdoor
3322,Outdoor
3323,Outdoor
3327,Outdoor
3328,Outdoor
3329,Outdoor
3553,Outdoor
3554,Outdoor
3555,Outdoor
3556,Outdoor
3557,Outdoor
3558,Outdoor
3559,Outdoor
3560,Outdoor
3561,Outdoor
3562,Outdoor
3563,Outdoor
3564,Outdoor
3565,Outdoor
3566,Outdoor
3567,Outdoor
3568,Outdoor
3569,Outdoor
3605,Outdoor
3606,Outdoor
3611,Indoor
3612,Outdoor
3613,Outdoor
3626,Outdoor
